id;object_num;first_name;last_name;check_name;email;language_obj_num;lang_id;alternate_id;level;jhi_group;user_name;first_role_hier_unit_id;first_role_obj_num;first_visibility_hier_unit_id;first_visibility_propagate_to_children;first_property_hier_unit_id;first_property_obj_num;first_property_emp_class_obj_num;first_property_options;first_operator_rvc_hier_unit_id;first_operator_rvc_obj_num;first_operator_options;first_operator_cash_drawer_obj_num;first_operator_tms_color_obj_num;first_operator_server_efficiency;pin;access_id
1;11302;Abraham;Wehner;gray drat er;Easter.Abbott@yahoo.com;21904;16642;19787;24305;18246;individual minister;29905;23482;16524;true;23776;24722;20607;intend likewise to;14025;13435;zowie opposite careless;9410;5968;24920;whose;27838
2;29774;Arden;Smith;tune;Bernard.Lind@gmail.com;4931;1586;5136;30704;12035;about;29399;5986;16187;true;6208;5723;13564;beyond until noisily;24154;27175;nectarine;20468;18528;21927;likewise;26486
3;10552;Cecile;Ferry;before;Alberto.McLaughlin@hotmail.com;23389;12555;1207;31502;3852;dreamily exalted considering;10575;8328;14734;false;12671;24289;1851;stranger yahoo;13143;20438;afterwards rosy augment;27084;30847;32200;ha ah;390
4;11390;Katelynn;Jacobs;square baritone display;Erica.Moen28@hotmail.com;27005;17001;32139;20141;2308;dulcimer bleakly edible;13125;466;17563;false;17265;17003;8968;oof operating;19364;9670;rival jump;11296;11064;29919;whereas;9428
5;10024;Quentin;Weissnat;inside;Sydnee_Parker@yahoo.com;25552;25000;12665;484;16733;before;32653;594;23729;false;12191;20974;12436;fooey per powerfully;18487;3825;incidentally jellyfish;2326;29915;2941;eek cycle cross-contamination;9802
6;16858;Rosario;Stoltenberg;eek;Aleen15@gmail.com;5054;7279;9547;29784;4632;lazily;16492;27017;21175;false;23360;27596;14640;earth stealthily;17431;31590;velocity;16753;32601;17134;except memorise bah;30237
7;14395;Arnaldo;Terry;astonishing whose;Hershel_Douglas29@yahoo.com;9055;31146;8139;3935;2738;bleak;24943;3138;1390;false;22886;30905;28108;recklessly;10544;21988;enlist if french;4900;22719;20109;happily unwritten sweatshop;17844
8;6574;Mitchell;Schmidt;as healthily;Maybell.Spinka@yahoo.com;27501;22846;5867;30161;236;hopelessly under bouncy;15830;10763;24449;true;23332;16626;1251;without outlaw intensely;27640;23910;CD innovation;12671;27228;15234;until till fooey;23494
9;20125;Ubaldo;Jacobson;unfortunately moisten patiently;Jessika30@hotmail.com;5336;7003;31696;3751;2442;precious notwithstanding lashes;31310;10083;5348;false;8304;2780;29267;tenderly provision joyfully;12468;21469;meanwhile;23157;16701;24872;deflate idle tomorrow;16147
10;15620;Fred;Frami;whose;Marjorie_Wiegand@gmail.com;15987;5831;13061;21201;13039;browse tomography aircraft;4252;4719;8553;false;20608;22411;3292;pressure qua;32637;30019;across;20728;26304;19492;sushi fondly over;20804
