id;tender_id;name;type;extensions;org_short_name;loc_ref;rvc_ref
1;31313;once;testify incidentally yuck;underneath;including;superb confound;13708
2;19259;pish round;glisten obediently;psst mmm;whoa although;questionable ugh quaintly;6425
3;21544;torn where mobilize;whether blah quaintly;qua powerful;energetic zowie why;browse yowza phew;23703
4;9378;inasmuch;than;culture;duster upside-down;yippee embarrassment harvest;17061
5;22963;quixotic;joint apropos;kiddingly hmph drat;as out fuzzy;dishonor till;17783
6;19177;pfft behind gracefully;after potentially;righteously who upright;mobility abnegate;pine until plait;2925
7;24070;along;alert keenly;who;forenenst eek;phooey wrong yet;29392
8;13300;reproachfully bowler;overplay alive window;through;who;ew;5396
9;14045;developmental poppy pasta;institutionalize gigantic;behind;hungrily vivaciously yowza;reword nun;31765
10;18717;whether climb beloved;nicely;meh;quarrel airbus;degenerate above;13298
