id;loc_hier_unit_id;loc_obj_num;rvc_id;kds_controller_id;hier_unit_id;object_num;name;data_extensions
1;4631;15369;18405;32383;17674;24941;duster;past hopelessly
2;5250;30413;6234;180;31834;31070;helpful unlike;dependable verbally perky
3;28804;23318;5483;15084;6425;15170;off bowler plagiarise;yippee
4;32079;24433;7057;1650;10711;14897;boo since primary;positively apropos woot
5;15350;13370;29080;19406;7054;16433;but keenly hence;atrium
6;4525;28262;30582;24745;16214;16676;bracelet after swine;wildly
7;26675;31669;6417;1330;1901;32445;hypothesise finally when;father
8;17232;11466;29768;715;3000;21692;numb custody arbitrate;instead yet consequently
9;18956;16739;21156;1822;22362;31293;severe;unless colossal
10;6482;32100;14011;28077;31823;1084;scarper concerned;ah regarding abnormally
